Workbook

Sheet Лист1
B1: сумма
A2: 0 | B2: =2^(A2+1)-1 -> 1
A3: 1 | B3: =2^(A3+1)-1 -> 3
A4: 2 | B4: =2^(A4+1)-1 -> 7
A5: 3 | B5: =2^(A5+1)-1 -> 15
A6: 4 | B6: =2^(A6+1)-1 -> 31
A7: 5 | B7: =2^(A7+1)-1 -> 63
A8: 6 | B8: =2^(A8+1)-1 -> 127
A9: 7 | B9: =2^(A9+1)-1 -> 255
A10: 8 | B10: =2^(A10+1)-1 -> 511
A11: 9 | B11: =2^(A11+1)-1 -> 1023
A12: 10 | B12: =2^(A12+1)-1 -> 2047
A13: 11 | B13: =2^(A13+1)-1 -> 4095
... A25: 23 | B25: =2^(A25+1)-1 -> 16777215

Sheet Лист2
B1: сумма
A2: 0 | B2: =(3^(A2+1)-1)/2 -> 1
A3: 1 | B3: =(3^(A3+1)-1)/2 -> 4
A4: 2 | B4: =(3^(A4+1)-1)/2 -> 13
A5: 3 | B5: =(3^(A5+1)-1)/2 -> 40
A6: 4 | B6: =(3^(A6+1)-1)/2 -> 121
A7: 5 | B7: =(3^(A7+1)-1)/2 -> 364
A8: 6 | B8: =(3^(A8+1)-1)/2 -> 1093
A9: 7 | B9: =(3^(A9+1)-1)/2 -> 3280
A10: 8 | B10: =(3^(A10+1)-1)/2 -> 9841
A11: 9 | B11: =(3^(A11+1)-1)/2 -> 29524
A12: 10 | B12: =(3^(A12+1)-1)/2 -> 88573
A13: 11 | B13: =(3^(A13+1)-1)/2 -> 265720
... A25: 23 | B25: =(3^(A25+1)-1)/2 -> 141214768240

Sheet Лист3
B1: сумма для 2 | C1: сумма для 3
A2: 0 | B2: =VLOOKUP(A2, 'Лист1'!A2:B25, 2, 0) -> 1 | C2: =VLOOKUP(A2, 'Лист2'!A2:B25, 2, 0) -> 1
A3: 1 | B3: =VLOOKUP(A3, 'Лист1'!A2:B25, 2, 0) -> 3 | C3: =VLOOKUP(A3, 'Лист2'!A2:B25, 2, 0) -> 4
A4: 2 | B4: =VLOOKUP(A4, 'Лист1'!A4:B27, 2, 0) -> 7 | C4: =VLOOKUP(A4, 'Лист2'!A4:B27, 2, 0) -> 13
A5: 3 | B5: =VLOOKUP(A5, 'Лист1'!A4:B27, 2, 0) -> 15 | C5: =VLOOKUP(A5, 'Лист2'!A4:B27, 2, 0) -> 40
A6: 4 | B6: =VLOOKUP(A6, 'Лист1'!A6:B29, 2, 0) -> 31 | C6: =VLOOKUP(A6, 'Лист2'!A6:B29, 2, 0) -> 121
A7: 5 | B7: =VLOOKUP(A7, 'Лист1'!A6:B29, 2, 0) -> 63 | C7: =VLOOKUP(A7, 'Лист2'!A6:B29, 2, 0) -> 364
A8: 6 | B8: =VLOOKUP(A8, 'Лист1'!A8:B31, 2, 0) -> 127 | C8: =VLOOKUP(A8, 'Лист2'!A8:B31, 2, 0) -> 1093
A9: 7 | B9: =VLOOKUP(A9, 'Лист1'!A8:B31, 2, 0) -> 255 | C9: =VLOOKUP(A9, 'Лист2'!A8:B31, 2, 0) -> 3280
A10: 8 | B10: =VLOOKUP(A10, 'Лист1'!A10:B33, 2, 0) -> 511 | C10: =VLOOKUP(A10, 'Лист2'!A10:B33, 2, 0) -> 9841
A11: 9 | B11: =VLOOKUP(A11, 'Лист1'!A10:B33, 2, 0) -> 1023 | C11: =VLOOKUP(A11, 'Лист2'!A10:B33, 2, 0) -> 29524
A12: 10 | B12: =VLOOKUP(A12, 'Лист1'!A12:B35, 2, 0) -> 2047 | C12: =VLOOKUP(A12, 'Лист2'!A12:B35, 2, 0) -> 88573
A13: 11 | B13: =VLOOKUP(A13, 'Лист1'!A12:B35, 2, 0) -> 4095 | C13: =VLOOKUP(A13, 'Лист2'!A12:B35, 2, 0) -> 265720
A14: 12 | B14: =VLOOKUP(A14, 'Лист1'!A14:B37, 2, 0) -> 8191 | C14: =VLOOKUP(A14, 'Лист2'!A14:B37, 2, 0) -> 797161
A15: 13 | B15: =VLOOKUP(A15, 'Лист1'!A14:B37, 2, 0) -> 16383 | C15: =VLOOKUP(A15, 'Лист2'!A14:B37, 2, 0) -> 2391484
A16: 14 | B16: =VLOOKUP(A16, 'Лист1'!A16:B39, 2, 0) -> 32767 | C16: =VLOOKUP(A16, 'Лист2'!A16:B39, 2, 0) -> 7174453
A17: 15 | B17: =VLOOKUP(A17, 'Лист1'!A16:B39, 2, 0) -> 65535 | C17: =VLOOKUP(A17, 'Лист2'!A16:B39, 2, 0) -> 21523360
A18: 16 | B18: =VLOOKUP(A18, 'Лист1'!A18:B41, 2, 0) -> 131071 | C18: =VLOOKUP(A18, 'Лист2'!A18:B41, 2, 0) -> 64570081
A19: 17 | B19: =VLOOKUP(A19, 'Лист1'!A18:B41, 2, 0) -> 262143 | C19: =VLOOKUP(A19, 'Лист2'!A18:B41, 2, 0) -> 193710244
A20: 18 | B20: =VLOOKUP(A20, 'Лист1'!A20:B43, 2, 0) -> 524287 | C20: =VLOOKUP(A20, 'Лист2'!A20:B43, 2, 0) -> 581130733
A21: 19 | B21: =VLOOKUP(A21, 'Лист1'!A20:B43, 2, 0) -> 1048575 | C21: =VLOOKUP(A21, 'Лист2'!A20:B43, 2, 0) -> 1743392200
A22: 20 | B22: =VLOOKUP(A22, 'Лист1'!A22:B45, 2, 0) -> 2097151 | C22: =VLOOKUP(A22, 'Лист2'!A22:B45, 2, 0) -> 5230176601
A23: 21 | B23: =VLOOKUP(A23, 'Лист1'!A22:B45, 2, 0) -> 4194303 | C23: =VLOOKUP(A23, 'Лист2'!A22:B45, 2, 0) -> 15690529804
A24: 22 | B24: =VLOOKUP(A24, 'Лист1'!A24:B47, 2, 0) -> 8388607 | C24: =VLOOKUP(A24, 'Лист2'!A24:B47, 2, 0) -> 47071589413
A25: 23 | B25: =VLOOKUP(A25, 'Лист1'!A24:B47, 2, 0) -> 16777215 | C25: =VLOOKUP(A25, 'Лист2'!A24:B47, 2, 0) -> 141214768240

Sheet Лист4
A1: статист. ф-я | B1: для А (лист 3) | C1: для В (лист 3) | D1: для С (лист 3)
A2: макс. знач. | B2: =AVERAGE('Лист3'!A2:A25) -> 11.5 | C2: =AVERAGE('Лист3'!B2:B25) -> 1398100.2 | D2: =AVERAGE('Лист3'!C2:C25) -> 8.825923e+09
A3: сред. знач. | B3: =MAX('Лист3'!A2:A25) -> 23 | C3: =MAX('Лист3'!B2:B25) -> 16777215 | D3: =MAX('Лист3'!C2:C25) -> 141214768240
A4: мин. знач. | B4: =MIN('Лист3'!A2:A25) -> 0 | C4: =MIN('Лист3'!B2:B25) -> 1 | D4: =MIN('Лист3'!C2:C25) -> 1
A5: медиана | B5: =MEDIAN('Лист3'!A2:A25) -> 11.5 | C5: =MEDIAN('Лист3'!B2:B25) -> 6143 | D5: =MEDIAN('Лист3'!C2:C25) -> 531440.5
A6: мода | B6: =_XLFN.MODE.SNGL('Лист3'!A2:A25) -> #N/A | C6: =_XLFN.MODE.SNGL('Лист3'!B2:B25) -> #N/A | D6: =_XLFN.MODE.SNGL('Лист3'!C2:C25) -> #N/A
A7: дисперсия | B7: =_XLFN.VAR.S('Лист3'!A2:A25) -> 50 | C7: =_XLFN.VAR.S('Лист3'!B2:B25) -> 1.4277716e+13 | D7: =_XLFN.VAR.S('Лист3'!C2:C25) -> 8.9412114e+20

Sheet Лист5
